{
    "field":"White",
    "threshold":0.50,
    "left":
        { "field":"Asian",
          "threshold":0.50,
          "left": 
              { "field":"Black or African American",
                "threshold":0.50,
                "left": 
                    { "field":"income",
                      "threshold":120.81,
                      "left":{
                          "field":"income",
                          "threshold":115.50,
                          "left":{
                              "field":"class",
                              "threshold":0,
                              "left":null,
                              "right":null
                           },
                          "right":{"field":"class",
                              "threshold":0,
                              "left":null,
                              "right":null}
                          },                 
                      "right":
                          {
                          "field":"income",
                          "threshold":268.50,
                          "left":{"field":"class",
                              "threshold":0,
                              "left":null,
                              "right":null},
                          "right":{"field":"class",
                              "threshold":1,
                              "left":null,
                              "right":null}
                          }    
                     },
                "right":
                    { "field":"amount",
                      "threshold":144.50,
                      "left":{
                          "field":"income",
                          "threshold":29.50,
                          "left":{"field":"class",
                              "threshold":0,
                              "left":null,
                              "right":null},
                          "right":{"field":"class",
                              "threshold":0,
                              "left":null,
                              "right":null}
                          },                 
                      "right":
                          {
                          "field":"Home purchase",
                          "threshold":0.50,
                          "left":{"field":"class",
                              "threshold":0,
                              "left":null,
                              "right":null},
                          "right":{"field":"class",
                              "threshold":1,
                              "left":null,
                              "right":null}
                          }  
                     }
              },    
          "right":
              { "field":"Home purchase",
                "threshold":0.50,
                "left": 
                    { "field":"amount",
                      "threshold":150.00,
                      "left":{
                          "field":"amount",
                          "threshold":101.50,
                          "left":{"field":"class",
                              "threshold":0,
                              "left":null,
                              "right":null},
                          "right":{"field":"class",
                              "threshold":0,
                              "left":null,
                              "right":null}
                          },                 
                      "right":
                          {
                          "field":"amount",
                          "threshold":180.00,
                          "left":{"field":"class",
                              "threshold":1,
                              "left":null,
                              "right":null},
                          "right":{"field":"class",
                              "threshold":1,
                              "left":null,
                              "right":null}
                          }     
                     },
                "right":
                    { "field":"income",
                      "threshold":34.50,
                      "left":{
                          "field":"amount",
                          "threshold":176.00,
                          "left":{"field":"class",
                              "threshold":0,
                              "left":null,
                              "right":null},
                          "right":{"field":"class",
                              "threshold":1,
                              "left":null,
                              "right":null}
                          },                 
                      "right":
                          {
                          "field":"income",
                          "threshold":199.00,
                          "left":{"field":"class",
                              "threshold":1,
                              "left":null,
                              "right":null},
                          "right":{"field":"class",
                              "threshold":1,
                              "left":null,
                              "right":null}
                          }     
                     }
              }
         }, 
    "right":
        { "field":"amount",
          "threshold":140.50,
          "left": 
              { "field":"income",
                "threshold":31.50,
                "left": 
                    { "field":"income",
                      "threshold":21.50,
                      "left":{
                          "field":"amount",
                          "threshold":59.50,
                          "left":{"field":"class",
                              "threshold":0,
                              "left":null,
                              "right":null},
                          "right":{"field":"class",
                              "threshold":0,
                              "left":null,
                              "right":null}
                          },                 
                      "right":
                          {
                          "field":"amount",
                          "threshold":58.50,
                          "left":{"field":"class",
                              "threshold":0,
                              "left":null,
                              "right":null},
                          "right":{"field":"class",
                              "threshold":0,
                              "left":null,
                              "right":null}
                          }   
                     },
                "right":
                    { "field":"amount",
                      "threshold":1.50,
                      "left":{
                          "field":"Home improvement",
                          "threshold":0.50,
                          "left":{"field":"class",
                              "threshold":0,
                              "left":null,
                              "right":null},
                          "right":{"field":"class",
                              "threshold":1,
                              "left":null,
                              "right":null}
                          },                 
                      "right":
                          {
                          "field":"income",
                          "threshold":119.50,
                          "left":{"field":"class",
                              "threshold":1,
                              "left":null,
                              "right":null},
                          "right":{"field":"class",
                              "threshold":0,
                              "left":null,
                              "right":null}
                          }    
                     }
              },    
          "right":
              { "field":"Refinancing",
                "threshold":0.50,
                "left": 
                    { "field":"income",
                      "threshold":53.50,
                      "left":{
                          "field":"income",
                          "threshold":30.50,
                          "left":{"field":"class",
                              "threshold":0,
                              "left":null,
                              "right":null},
                          "right":{"field":"class",
                              "threshold":1,
                              "left":null,
                              "right":null}
                          },                 
                      "right":
                          {
                          "field":"income",
                          "threshold":100.50,
                          "left":{"field":"class",
                              "threshold":1,
                              "left":null,
                              "right":null},
                          "right":{"field":"class",
                              "threshold":1,
                              "left":null,
                              "right":null}
                          }    
                     },
                "right":
                    { "field":"income",
                      "threshold":55.50,
                      "left":{
                          "field":"amount",
                          "threshold":142.50,
                          "left":{"field":"class",
                              "threshold":1,
                              "left":null,
                              "right":null},
                          "right":{"field":"class",
                              "threshold":0,
                              "left":null,
                              "right":null}
                          },                 
                      "right":
                          {
                          "field":"amount",
                          "threshold":276.50,
                          "left":{"field":"class",
                              "threshold":1,
                              "left":null,
                              "right":null},
                          "right":{"field":"class",
                              "threshold":1,
                              "left":null,
                              "right":null}
                          }    
                     }
              }
         }
}

