{
    "field":"amount",
    "threshold":146.50,
    "left":
        { "field":"income",
          "threshold":120.36,
          "left": 
              { "field":"income",
                "threshold":31.50,
                "left": 
                    { "field":"amount",
                      "threshold":63.50,
                      "left":{
                          "field":"Refinancing",
                          "threshold":0.50,
                          "left":{
                              "field":"class",
                              "threshold":0,
                              "left":null,
                              "right":null
                           },
                          "right":{"field":"class",
                              "threshold":0,
                              "left":null,
                              "right":null}
                          },                 
                      "right":
                          {
                          "field":"income",
                          "threshold":17.50,
                          "left":{"field":"class",
                              "threshold":0,
                              "left":null,
                              "right":null},
                          "right":{"field":"class",
                              "threshold":0,
                              "left":null,
                              "right":null}
                          }    
                     },
                "right":
                    { "field":"amount",
                      "threshold":92.50,
                      "left":{
                          "field":"amount",
                          "threshold":3.50,
                          "left":{"field":"class",
                              "threshold":0,
                              "left":null,
                              "right":null},
                          "right":{"field":"class",
                              "threshold":0,
                              "left":null,
                              "right":null}
                          },                 
                      "right":
                          {
                          "field":"Home purchase",
                          "threshold":0.50,
                          "left":{"field":"class",
                              "threshold":0,
                              "left":null,
                              "right":null},
                          "right":{"field":"class",
                              "threshold":1,
                              "left":null,
                              "right":null}
                          }  
                     }
           },        
          "right":
              { "field":"income",
                "threshold":121.50,
                "left": 
                    { "field":"Home purchase",
                      "threshold":0.50,
                      "left":{
                          "field":"amount",
                          "threshold":48.50,
                          "left":{"field":"class",
                              "threshold":0,
                              "left":null,
                              "right":null},
                          "right":{"field":"class",
                              "threshold":0,
                              "left":null,
                              "right":null}
                          },                 
                      "right":
                          {
                          "field":"amount",
                          "threshold":89.50,
                          "left":{"field":"class",
                              "threshold":0,
                              "left":null,
                              "right":null},
                          "right":{"field":"class",
                              "threshold":0,
                              "left":null,
                              "right":null}
                          }     
                     },
                "right":
                    { "field":"income",
                      "threshold":424.50,
                      "left":{
                          "field":"amount",
                          "threshold":35.50,
                          "left":{"field":"class",
                              "threshold":1,
                              "left":null,
                              "right":null},
                          "right":{"field":"class",
                              "threshold":0,
                              "left":null,
                              "right":null}
                          },                 
                      "right":
                          {
                          "field":"class",
                          "threshold":1,
                          "left":null,
                          "right":null
                          }     
                     }
              }

        }, 
    "right":
        { "field":"income",
          "threshold":119.50,
          "left": 
              { "field":"Refinancing",
                "threshold":0.50,
                "left": 
                    { "field":"income",
                      "threshold":53.50,
                      "left":{
                          "field":"income",
                          "threshold":30.50,
                          "left":{"field":"class",
                              "threshold":0,
                              "left":null,
                              "right":null},
                          "right":{"field":"class",
                              "threshold":1,
                              "left":null,
                              "right":null}
                          },                 
                      "right":
                          {
                          "field":"income",
                          "threshold":55.50,
                          "left":{"field":"class",
                              "threshold":1,
                              "left":null,
                              "right":null},
                          "right":{"field":"class",
                              "threshold":1,
                              "left":null,
                              "right":null}
                          }   
                     },
                "right":
                    { "field":"income",
                      "threshold":54.50,
                      "left":{
                          "field":"income",
                          "threshold":13.00,
                          "left":{"field":"class",
                              "threshold":0,
                              "left":null,
                              "right":null},
                          "right":{"field":"class",
                              "threshold":0,
                              "left":null,
                              "right":null}
                          },                 
                      "right":
                          {
                          "field":"amount",
                          "threshold":465.50,
                          "left":{"field":"class",
                              "threshold":1,
                              "left":null,
                              "right":null},
                          "right":{"field":"class",
                              "threshold":0,
                              "left":null,
                              "right":null}
                          }    
                     }
          },
          "right":
              { "field":"income",
                "threshold":120.86,
                "left": 
                    { "field":"Home purchase",
                      "threshold":0.50,
                      "left":{
                          "field":"Refinancing",
                          "threshold":0.50,
                          "left":{"field":"class",
                              "threshold":1,
                              "left":null,
                              "right":null},
                          "right":{"field":"class",
                              "threshold":0,
                              "left":null,
                              "right":null}
                          },                 
                      "right":
                          {
                          "field":"amount",
                          "threshold":658.50,
                          "left":{"field":"class",
                              "threshold":0,
                              "left":null,
                              "right":null},
                          "right":{"field":"class",
                              "threshold":1,
                              "left":null,
                              "right":null}
                          }    
                     },
                "right":
                    { "field":"amount",
                      "threshold":326.50,
                      "left":{
                          "field":"Home purchase",
                          "threshold":0.50,
                          "left":{"field":"class",
                              "threshold":1,
                              "left":null,
                              "right":null},
                          "right":{"field":"class",
                              "threshold":1,
                              "left":null,
                              "right":null}
                          },                 
                      "right":
                          {
                          "field":"amount",
                          "threshold":727.50,
                          "left":{"field":"class",
                              "threshold":1,
                              "left":null,
                              "right":null},
                          "right":{"field":"class",
                              "threshold":1,
                              "left":null,
                              "right":null}
                          }    
                     }
              }
         }
}