as_of_year,respondent_id,agency_name,agency_abbr,agency_code,loan_type_name,loan_type,property_type_name,property_type,loan_purpose_name,loan_purpose,owner_occupancy_name,owner_occupancy,loan_amount_000s,preapproval_name,preapproval,action_taken_name,action_taken,state_name,state_abbr,state_code,county_name,county_code,applicant_ethnicity_name,applicant_ethnicity,co_applicant_ethnicity_name,co_applicant_ethnicity,applicant_race_name_1,applicant_race_1,applicant_race_name_2,applicant_race_2,applicant_race_name_3,applicant_race_3,co_applicant_race_name_1,co_applicant_race_1,co_applicant_race_name_2,co_applicant_race_2,applicant_sex_name,applicant_sex,co_applicant_sex_name,co_applicant_sex,applicant_income_000s,purchaser_type_name,purchaser_type,denial_reason_name_1,denial_reason_1,denial_reason_name_2,denial_reason_2,population,minority_population,hud_median_family_income
2017,19333,Federal Deposit Insurance Corporation,FDIC,3,Conventional,1,One-to-four family dwelling (other than manufactured housing),1,Home improvement,2,Owner-occupied as a principal dwelling,1,640,Not applicable,3,Loan originated,1,Illinois,IL,17,Cook County,31,Not Hispanic or Latino,2,No co-applicant,5,White,5,,,,,No co-applicant,8,,,Female,2,No co-applicant,5,256,Loan was not originated or was not sold in calendar year covered by register,0,,,,,3469,25.39999962,77500
2017,4186591,Consumer Financial Protection Bureau,CFPB,9,FHA-insured,2,One-to-four family dwelling (other than manufactured housing),1,Home purchase,1,Owner-occupied as a principal dwelling,1,210,Not applicable,3,Loan purchased by the institution,6,Illinois,IL,17,Cook County,31,Not applicable,4,Not applicable,4,Not applicable,7,,,,,Not applicable,7,,,Not applicable,4,Not applicable,4,,Ginnie Mae (GNMA),2,,,,,7421,88.18000031,77500
2017,852218,Consumer Financial Protection Bureau,CFPB,9,Conventional,1,One-to-four family dwelling (other than manufactured housing),1,Home purchase,1,Owner-occupied as a principal dwelling,1,480,Not applicable,3,Loan originated,1,Illinois,IL,17,Cook County,31,Not Hispanic or Latino,2,Not Hispanic or Latino,2,White,5,,,,,White,5,,,Male,1,Female,2,185,Loan was not originated or was not sold in calendar year covered by register,0,,,,,3566,36.88000107,77500
2017,2712969,Consumer Financial Protection Bureau,CFPB,9,Conventional,1,One-to-four family dwelling (other than manufactured housing),1,Home purchase,1,Owner-occupied as a principal dwelling,1,408,Not applicable,3,Loan originated,1,Illinois,IL,17,Cook County,31,Not Hispanic or Latino,2,Not Hispanic or Latino,2,White,5,,,,,White,5,,,Female,2,Male,1,144,Fannie Mae (FNMA),1,,,,,3985,44.91999817,77500
2017,706081,Office of the Comptroller of the Currency,OCC,1,Conventional,1,One-to-four family dwelling (other than manufactured housing),1,Refinancing,3,Owner-occupied as a principal dwelling,1,270,Not applicable,3,Loan originated,1,Illinois,IL,17,Cook County,31,Not Hispanic or Latino,2,Not Hispanic or Latino,2,White,5,,,,,White,5,,,Male,1,Female,2,252,"Life insurance company, credit union, mortgage bank, or finance company",7,,,,,3937,66.12000275,77500
2017,595270,Consumer Financial Protection Bureau,CFPB,9,FHA-insured,2,One-to-four family dwelling (other than manufactured housing),1,Home purchase,1,Owner-occupied as a principal dwelling,1,19,Not applicable,3,Loan purchased by the institution,6,Illinois,IL,17,Cook County,31,Not applicable,4,Not applicable,4,Not applicable,7,,,,,Not applicable,7,,,Not applicable,4,Not applicable,4,,Loan was not originated or was not sold in calendar year covered by register,0,,,,,5617,92.87999725,77500
2017,480228,Consumer Financial Protection Bureau,CFPB,9,Conventional,1,One-to-four family dwelling (other than manufactured housing),1,Home improvement,2,Owner-occupied as a principal dwelling,1,326,Not applicable,3,Loan originated,1,Illinois,IL,17,Cook County,31,Not Hispanic or Latino,2,No co-applicant,5,White,5,,,,,No co-applicant,8,,,Female,2,No co-applicant,5,173,Loan was not originated or was not sold in calendar year covered by register,0,,,,,2284,25.56999969,77500
2017,36-4327855,Department of Housing and Urban Development,HUD,7,Conventional,1,One-to-four family dwelling (other than manufactured housing),1,Home purchase,1,Owner-occupied as a principal dwelling,1,260,Preapproval was not requested,2,Loan originated,1,Illinois,IL,17,Cook County,31,Not Hispanic or Latino,2,Not Hispanic or Latino,2,White,5,,,,,White,5,,,Female,2,Male,1,104,Freddie Mac (FHLMC),3,,,,,4929,24.56999969,77500
2017,451965,Consumer Financial Protection Bureau,CFPB,9,Conventional,1,One-to-four family dwelling (other than manufactured housing),1,Home purchase,1,Owner-occupied as a principal dwelling,1,282,Not applicable,3,Loan purchased by the institution,6,Illinois,IL,17,Cook County,31,Not Hispanic or Latino,2,No co-applicant,5,White,5,,,,,No co-applicant,8,,,Female,2,No co-applicant,5,90,Fannie Mae (FNMA),1,,,,,6342,9.109999657,77500
2017,23216,Office of the Comptroller of the Currency,OCC,1,Conventional,1,One-to-four family dwelling (other than manufactured housing),1,Home purchase,1,Owner-occupied as a principal dwelling,1,81,Not applicable,3,Loan originated,1,Illinois,IL,17,Cook County,31,Not Hispanic or Latino,2,Not Hispanic or Latino,2,Asian,2,,,,,Asian,2,,,Female,2,Male,1,43,"Commercial bank, savings bank or savings association",6,,,,,2690,54.90999985,77500