as_of_year,respondent_id,agency_name,agency_abbr,agency_code,loan_type_name,loan_type,property_type_name,property_type,loan_purpose_name,loan_purpose,owner_occupancy_name,owner_occupancy,loan_amount_000s,preapproval_name,preapproval,action_taken_name,action_taken,state_name,state_abbr,state_code,county_name,county_code,applicant_ethnicity_name,applicant_ethnicity,co_applicant_ethnicity_name,co_applicant_ethnicity,applicant_race_name_1,applicant_race_1,applicant_race_name_2,applicant_race_2,applicant_race_name_3,applicant_race_3,co_applicant_race_name_1,co_applicant_race_1,co_applicant_race_name_2,co_applicant_race_2,applicant_sex_name,applicant_sex,co_applicant_sex_name,co_applicant_sex,applicant_income_000s,purchaser_type_name,purchaser_type,denial_reason_name_1,denial_reason_1,denial_reason_name_2,denial_reason_2,population,minority_population,hud_median_family_income
2017,37-1542226,Department of Housing and Urban Development,HUD,7,FHA-insured,2,One-to-four family dwelling (other than manufactured housing),1,Refinancing,3,Owner-occupied as a principal dwelling,1,80,Not applicable,3,Application withdrawn by applicant,4,Illinois,IL,17,Cook County,31,Not Hispanic or Latino,2,No co-applicant,5,Black or African American,3,,,,,No co-applicant,8,,,Female,2,No co-applicant,5,,Loan was not originated or was not sold in calendar year covered by register,0,,,,,3276,100,77500
2017,20-8921389,Department of Housing and Urban Development,HUD,7,Conventional,1,One-to-four family dwelling (other than manufactured housing),1,Refinancing,3,Owner-occupied as a principal dwelling,1,165,Not applicable,3,Loan originated,1,Illinois,IL,17,Cook County,31,"Information not provided by applicant in mail, Internet, or telephone application",3,No co-applicant,5,"Information not provided by applicant in mail, Internet, or telephone application",6,,,,,No co-applicant,8,,,Male,1,No co-applicant,5,33,Freddie Mac (FHLMC),3,,,,,3819,43.310001373291016,77500
2017,22874,Federal Deposit Insurance Corporation,FDIC,3,Conventional,1,One-to-four family dwelling (other than manufactured housing),1,Home purchase,1,Owner-occupied as a principal dwelling,1,133,Not applicable,3,Loan originated,1,Illinois,IL,17,Champaign County,19,"Information not provided by applicant in mail, Internet, or telephone application",3,"Information not provided by applicant in mail, Internet, or telephone application",3,White,5,,,,,White,5,,,Male,1,Female,2,45,Fannie Mae (FNMA),1,,,,,4477,32.209999084472656,69500
2017,852218,Consumer Financial Protection Bureau,CFPB,9,Conventional,1,One-to-four family dwelling (other than manufactured housing),1,Home purchase,1,Owner-occupied as a principal dwelling,1,1112,Not applicable,3,Loan originated,1,Illinois,IL,17,Cook County,31,Not Hispanic or Latino,2,No co-applicant,5,White,5,,,,,No co-applicant,8,,,Female,2,No co-applicant,5,388,Loan was not originated or was not sold in calendar year covered by register,0,,,,,5230,28.260000228881836,77500
2017,42-1739728,Department of Housing and Urban Development,HUD,7,Conventional,1,One-to-four family dwelling (other than manufactured housing),1,Refinancing,3,Owner-occupied as a principal dwelling,1,90,Not applicable,3,Application withdrawn by applicant,4,Illinois,IL,17,Cook County,31,Not Hispanic or Latino,2,No co-applicant,5,White,5,,,,,No co-applicant,8,,,Male,1,No co-applicant,5,29,Loan was not originated or was not sold in calendar year covered by register,0,,,,,2910,48.65999984741211,77500
2017,27-3863726,Department of Housing and Urban Development,HUD,7,Conventional,1,One-to-four family dwelling (other than manufactured housing),1,Home purchase,1,Owner-occupied as a principal dwelling,1,385,Not applicable,3,Loan originated,1,Illinois,IL,17,Cook County,31,Not Hispanic or Latino,2,Not Hispanic or Latino,2,White,5,,,,,White,5,,,Female,2,Male,1,227,"Commercial bank, savings bank or savings association",6,,,,,5421,11.729999542236328,77500
2017,76-0503625,Department of Housing and Urban Development,HUD,7,Conventional,1,One-to-four family dwelling (other than manufactured housing),1,Home purchase,1,Owner-occupied as a principal dwelling,1,8,Preapproval was not requested,2,Application withdrawn by applicant,4,Illinois,IL,17,Cook County,31,Not Hispanic or Latino,2,No co-applicant,5,White,5,,,,,No co-applicant,8,,,Male,1,No co-applicant,5,44,Loan was not originated or was not sold in calendar year covered by register,0,,,,,5114,31.579999923706055,77500
2017,13-6131491,Department of Housing and Urban Development,HUD,7,FHA-insured,2,One-to-four family dwelling (other than manufactured housing),1,Home purchase,1,Owner-occupied as a principal dwelling,1,216,Not applicable,3,Loan originated,1,Illinois,IL,17,Cook County,31,"Information not provided by applicant in mail, Internet, or telephone application",3,"Information not provided by applicant in mail, Internet, or telephone application",3,White,5,,,,,White,5,,,Male,1,Female,2,82,Ginnie Mae (GNMA),2,,,,,7018,47.45000076293945,77500
2017,36-4115595,Department of Housing and Urban Development,HUD,7,Conventional,1,One-to-four family dwelling (other than manufactured housing),1,Home purchase,1,Owner-occupied as a principal dwelling,1,582,Preapproval was not requested,2,Loan originated,1,Illinois,IL,17,Cook County,31,Not Hispanic or Latino,2,No co-applicant,5,White,5,,,,,No co-applicant,8,,,Female,2,No co-applicant,5,149,"Life insurance company, credit union, mortgage bank, or finance company",7,,,,,4133,19.309999465942383,77500
