as_of_year,respondent_id,agency_name,agency_abbr,agency_code,loan_type_name,loan_type,property_type_name,property_type,loan_purpose_name,loan_purpose,owner_occupancy_name,owner_occupancy,loan_amount_000s,preapproval_name,preapproval,action_taken_name,action_taken,state_name,state_abbr,state_code,county_name,county_code,applicant_ethnicity_name,applicant_ethnicity,co_applicant_ethnicity_name,co_applicant_ethnicity,applicant_race_name_1,applicant_race_1,applicant_race_name_2,applicant_race_2,applicant_race_name_3,applicant_race_3,co_applicant_race_name_1,co_applicant_race_1,co_applicant_race_name_2,co_applicant_race_2,applicant_sex_name,applicant_sex,co_applicant_sex_name,co_applicant_sex,applicant_income_000s,purchaser_type_name,purchaser_type,denial_reason_name_1,denial_reason_1,denial_reason_name_2,denial_reason_2,population,minority_population,hud_median_family_income
2017,813947,Federal Reserve System,FRS,2,Conventional,1,One-to-four family dwelling (other than manufactured housing),1,Home purchase,1,Owner-occupied as a principal dwelling,1,78,Preapproval was not requested,2,Loan originated,1,Illinois,IL,17,Winnebago County,201,Not Hispanic or Latino,2,No co-applicant,5,Black or African American,3,,,,,No co-applicant,8,,,Male,1,No co-applicant,5,42,Loan was not originated or was not sold in calendar year covered by register,0,,,,,2691,41,60700
2017,19730,Consumer Financial Protection Bureau,CFPB,9,Conventional,1,One-to-four family dwelling (other than manufactured housing),1,Home purchase,1,Owner-occupied as a principal dwelling,1,120,Not applicable,3,Loan originated,1,Illinois,IL,17,Cook County,31,Not Hispanic or Latino,2,No co-applicant,5,White,5,,,,,No co-applicant,8,,,Male,1,No co-applicant,5,51,"Commercial bank, savings bank or savings association",6,,,,,4489,22,77500
2017,20-8544905,Department of Housing and Urban Development,HUD,7,FHA-insured,2,One-to-four family dwelling (other than manufactured housing),1,Home purchase,1,Owner-occupied as a principal dwelling,1,131,Not applicable,3,Loan originated,1,Illinois,IL,17,Cook County,31,Not Hispanic or Latino,2,No co-applicant,5,White,5,,,,,No co-applicant,8,,,Female,2,No co-applicant,5,35,"Life insurance company, credit union, mortgage bank, or finance company",7,,,,,4612,53,77500
2017,451965,Consumer Financial Protection Bureau,CFPB,9,Conventional,1,One-to-four family dwelling (other than manufactured housing),1,Home purchase,1,Owner-occupied as a principal dwelling,1,415,Not applicable,3,Loan purchased by the institution,6,Illinois,IL,17,Cook County,31,Not Hispanic or Latino,2,No co-applicant,5,White,5,,,,,No co-applicant,8,,,Male,1,No co-applicant,5,87,Fannie Mae (FNMA),1,,,,,3824,20,77500
2017,656733,Consumer Financial Protection Bureau,CFPB,9,Conventional,1,One-to-four family dwelling (other than manufactured housing),1,Refinancing,3,Owner-occupied as a principal dwelling,1,109,Not applicable,3,Loan originated,1,Illinois,IL,17,Cook County,31,Not Hispanic or Latino,2,Not Hispanic or Latino,2,Asian,2,,,,,Asian,2,,,Female,2,Male,1,86,Fannie Mae (FNMA),1,,,,,7651,55,77500
2017,7257500009,Department of Housing and Urban Development,HUD,7,Conventional,1,One-to-four family dwelling (other than manufactured housing),1,Home purchase,1,Owner-occupied as a principal dwelling,1,77,Not applicable,3,Loan originated,1,Illinois,IL,17,Cook County,31,Not Hispanic or Latino,2,No co-applicant,5,White,5,,,,,No co-applicant,8,,,Female,2,No co-applicant,5,49,Fannie Mae (FNMA),1,,,,,5337,78,77500
2017,527954,Consumer Financial Protection Bureau,CFPB,9,Conventional,1,One-to-four family dwelling (other than manufactured housing),1,Refinancing,3,Owner-occupied as a principal dwelling,1,78,Not applicable,3,Loan originated,1,Illinois,IL,17,DeKalb County,37,Hispanic or Latino,1,Hispanic or Latino,1,White,5,,,,,White,5,,,Male,1,Female,2,75,Fannie Mae (FNMA),1,,,,,3767,25,84400
2017,504713,Consumer Financial Protection Bureau,CFPB,9,Conventional,1,One-to-four family dwelling (other than manufactured housing),1,Refinancing,3,Owner-occupied as a principal dwelling,1,960,Not applicable,3,Application denied by financial institution,3,Illinois,IL,17,Boone County,7,Not Hispanic or Latino,2,Not Hispanic or Latino,2,White,5,,,,,White,5,,,Male,1,Female,2,350,Loan was not originated or was not sold in calendar year covered by register,0,Credit history,3,Collateral,4,9811,16,60700
2017,23-2470039,Department of Housing and Urban Development,HUD,7,Conventional,1,One-to-four family dwelling (other than manufactured housing),1,Refinancing,3,Owner-occupied as a principal dwelling,1,330,Not applicable,3,Loan originated,1,Illinois,IL,17,Cook County,31,Not Hispanic or Latino,2,Not Hispanic or Latino,2,White,5,,,,,White,5,,,Male,1,Female,2,233,Fannie Mae (FNMA),1,,,,,5797,14,77500
2017,7197000003,Department of Housing and Urban Development,HUD,7,Conventional,1,One-to-four family dwelling (other than manufactured housing),1,Refinancing,3,Owner-occupied as a principal dwelling,1,154,Not applicable,3,Loan originated,1,Illinois,IL,17,Cook County,31,"Information not provided by applicant in mail, Internet, or telephone application",3,No co-applicant,5,Black or African American,3,,,,,No co-applicant,8,,,Male,1,No co-applicant,5,88,Fannie Mae (FNMA),1,,,,,4238,76,77500