as_of_year,respondent_id,agency_name,agency_abbr,agency_code,loan_type_name,loan_type,property_type_name,property_type,loan_purpose_name,loan_purpose,owner_occupancy_name,owner_occupancy,loan_amount_000s,preapproval_name,preapproval,action_taken_name,action_taken,state_name,state_abbr,state_code,county_name,county_code,applicant_ethnicity_name,applicant_ethnicity,co_applicant_ethnicity_name,co_applicant_ethnicity,applicant_race_name_1,applicant_race_1,applicant_race_name_2,applicant_race_2,applicant_race_name_3,applicant_race_3,co_applicant_race_name_1,co_applicant_race_1,co_applicant_race_name_2,co_applicant_race_2,applicant_sex_name,applicant_sex,co_applicant_sex_name,co_applicant_sex,applicant_income_000s,purchaser_type_name,purchaser_type,denial_reason_name_1,denial_reason_1,denial_reason_name_2,denial_reason_2,population,minority_population,hud_median_family_income
2017,29829,Federal Deposit Insurance Corporation,FDIC,3,Conventional,1,One-to-four family dwelling (other than manufactured housing),1,Home improvement,2,Owner-occupied as a principal dwelling,1,77,Not applicable,3,Loan originated,1,Louisiana,LA,22,Webster Parish,119.0,Not Hispanic or Latino,2,Not Hispanic or Latino,2,White,5,,,,,White,5,,,Male,1,Female,2,66,Loan was not originated or was not sold in calendar year covered by register,0,,,,,3097.0,8,53700
2017,72-1441479,Department of Housing and Urban Development,HUD,7,Conventional,1,One-to-four family dwelling (other than manufactured housing),1,Home purchase,1,Owner-occupied as a principal dwelling,1,175,Preapproval was not requested,2,Loan originated,1,Louisiana,LA,22,Lafayette Parish,55.0,Not Hispanic or Latino,2,No co-applicant,5,White,5,,,,,No co-applicant,8,,,Male,1,No co-applicant,5,56,Freddie Mac (FHLMC),3,,,,,9263.0,11,61600
2017,7162800002,Department of Housing and Urban Development,HUD,7,Conventional,1,Manufactured housing,2,Home purchase,1,Owner-occupied as a principal dwelling,1,57,Not applicable,3,Application denied by financial institution,3,Louisiana,LA,22,Terrebonne Parish,109.0,Not Hispanic or Latino,2,No co-applicant,5,White,5,,,,,No co-applicant,8,,,Male,1,No co-applicant,5,,Loan was not originated or was not sold in calendar year covered by register,0,,,,,6340.0,24,55900
2017,43-1965151,Department of Housing and Urban Development,HUD,7,VA-guaranteed,3,One-to-four family dwelling (other than manufactured housing),1,Home purchase,1,Owner-occupied as a principal dwelling,1,201,Preapproval was not requested,2,Loan originated,1,Louisiana,LA,22,Tangipahoa Parish,105.0,Not Hispanic or Latino,2,No co-applicant,5,"Information not provided by applicant in mail, Internet, or telephone application",6,,,,,No co-applicant,8,,,Female,2,No co-applicant,5,48,Ginnie Mae (GNMA),2,,,,,11989.0,18,56600
2017,8149,Federal Deposit Insurance Corporation,FDIC,3,Conventional,1,One-to-four family dwelling (other than manufactured housing),1,Refinancing,3,Owner-occupied as a principal dwelling,1,114,Not applicable,3,Loan originated,1,Louisiana,LA,22,Assumption Parish,7.0,Not Hispanic or Latino,2,No co-applicant,5,White,5,,,,,No co-applicant,8,,,Male,1,No co-applicant,5,14,Loan was not originated or was not sold in calendar year covered by register,0,,,,,3865.0,55,47200
2017,451965,Consumer Financial Protection Bureau,CFPB,9,Conventional,1,One-to-four family dwelling (other than manufactured housing),1,Refinancing,3,Owner-occupied as a principal dwelling,1,217,Not applicable,3,Loan originated,1,Louisiana,LA,22,Terrebonne Parish,109.0,Not Hispanic or Latino,2,No co-applicant,5,White,5,,,,,No co-applicant,8,,,Male,1,No co-applicant,5,90,Loan was not originated or was not sold in calendar year covered by register,0,,,,,10430.0,16,55900
2017,233031,Consumer Financial Protection Bureau,CFPB,9,Conventional,1,One-to-four family dwelling (other than manufactured housing),1,Home purchase,1,Owner-occupied as a principal dwelling,1,239,Preapproval was not requested,2,Loan originated,1,Louisiana,LA,22,Bossier Parish,15.0,Not Hispanic or Latino,2,Not Hispanic or Latino,2,White,5,,,,,White,5,,,Male,1,Female,2,75,Freddie Mac (FHLMC),3,,,,,13435.0,17,53700
2017,852218,Consumer Financial Protection Bureau,CFPB,9,FHA-insured,2,One-to-four family dwelling (other than manufactured housing),1,Home purchase,1,Owner-occupied as a principal dwelling,1,129,Not applicable,3,Loan purchased by the institution,6,Louisiana,LA,22,Tangipahoa Parish,105.0,Not applicable,4,Not applicable,4,Not applicable,7,,,,,Not applicable,7,,,Not applicable,4,Not applicable,4,,Ginnie Mae (GNMA),2,,,,,11989.0,18,56600
2017,22-3039688,Department of Housing and Urban Development,HUD,7,FHA-insured,2,One-to-four family dwelling (other than manufactured housing),1,Refinancing,3,Owner-occupied as a principal dwelling,1,270,Not applicable,3,File closed for incompleteness,5,Louisiana,LA,22,Webster Parish,119.0,Not Hispanic or Latino,2,"Information not provided by applicant in mail, Internet, or telephone application",3,White,5,,,,,"Information not provided by applicant in mail, Internet, or telephone application",6,,,Male,1,"Information not provided by applicant in mail, Internet, or telephone application",3,,Loan was not originated or was not sold in calendar year covered by register,0,,,,,7449.0,35,53700
2017,20-2752826,Department of Housing and Urban Development,HUD,7,FHA-insured,2,One-to-four family dwelling (other than manufactured housing),1,Refinancing,3,Owner-occupied as a principal dwelling,1,84,Not applicable,3,Loan originated,1,Louisiana,LA,22,St. Tammany Parish,103.0,Not Hispanic or Latino,2,Not Hispanic or Latino,2,White,5,,,,,White,5,,,Female,2,Male,1,27,Ginnie Mae (GNMA),2,,,,,9110.0,8,63300