as_of_year,respondent_id,agency_name,agency_abbr,agency_code,loan_type_name,loan_type,property_type_name,property_type,loan_purpose_name,loan_purpose,owner_occupancy_name,owner_occupancy,loan_amount_000s,preapproval_name,preapproval,action_taken_name,action_taken,state_name,state_abbr,state_code,county_name,county_code,applicant_ethnicity_name,applicant_ethnicity,co_applicant_ethnicity_name,co_applicant_ethnicity,applicant_race_name_1,applicant_race_1,applicant_race_name_2,applicant_race_2,applicant_race_name_3,applicant_race_3,co_applicant_race_name_1,co_applicant_race_1,co_applicant_race_name_2,co_applicant_race_2,applicant_sex_name,applicant_sex,co_applicant_sex_name,co_applicant_sex,applicant_income_000s,purchaser_type_name,purchaser_type,denial_reason_name_1,denial_reason_1,denial_reason_name_2,denial_reason_2,population,minority_population,hud_median_family_income
2017,463735,Consumer Financial Protection Bureau,CFPB,9,Conventional,1,One-to-four family dwelling (other than manufactured housing),1,Home purchase,1,Owner-occupied as a principal dwelling,1,424,Not applicable,3,Loan originated,1,Louisiana,LA,22,St. Tammany Parish,103,Not Hispanic or Latino,2,Not Hispanic or Latino,2,White,5,,,,,White,5,,,Male,1,Female,2,212,Loan was not originated or was not sold in calendar year covered by register,0,,,,,8060,6.440000057220459,63300
2017,13951,Federal Deposit Insurance Corporation,FDIC,3,Conventional,1,One-to-four family dwelling (other than manufactured housing),1,Home purchase,1,Not owner-occupied as a principal dwelling,2,58,Not applicable,3,Loan originated,1,Louisiana,LA,22,Caddo Parish,17,Not Hispanic or Latino,2,No co-applicant,5,White,5,,,,,No co-applicant,8,,,Female,2,No co-applicant,5,125,Loan was not originated or was not sold in calendar year covered by register,0,,,,,3412,26.290000915527344,53700
2017,75-2921540,Department of Housing and Urban Development,HUD,7,Conventional,1,One-to-four family dwelling (other than manufactured housing),1,Refinancing,3,Owner-occupied as a principal dwelling,1,87,Not applicable,3,Loan originated,1,Louisiana,LA,22,Ascension Parish,5,"Information not provided by applicant in mail, Internet, or telephone application",3,"Information not provided by applicant in mail, Internet, or telephone application",3,"Information not provided by applicant in mail, Internet, or telephone application",6,,,,,"Information not provided by applicant in mail, Internet, or telephone application",6,,,"Information not provided by applicant in mail, Internet, or telephone application",3,"Information not provided by applicant in mail, Internet, or telephone application",3,,Freddie Mac (FHLMC),3,,,,,11628,16.139999389648438,68100
2017,233031,Consumer Financial Protection Bureau,CFPB,9,Conventional,1,One-to-four family dwelling (other than manufactured housing),1,Refinancing,3,Owner-occupied as a principal dwelling,1,80,Not applicable,3,Application denied by financial institution,3,Louisiana,LA,22,Caddo Parish,17,Not Hispanic or Latino,2,No co-applicant,5,Black or African American,3,,,,,No co-applicant,8,,,Male,1,No co-applicant,5,160,Loan was not originated or was not sold in calendar year covered by register,0,,,,,3412,26.290000915527344,53700
2017,233031,Consumer Financial Protection Bureau,CFPB,9,Conventional,1,One-to-four family dwelling (other than manufactured housing),1,Refinancing,3,Not owner-occupied as a principal dwelling,2,64,Not applicable,3,Application denied by financial institution,3,Louisiana,LA,22,Caddo Parish,17,Not Hispanic or Latino,2,Not Hispanic or Latino,2,White,5,,,,,White,5,,,Female,2,Male,1,73,Loan was not originated or was not sold in calendar year covered by register,0,,,,,2667,66.97000122070312,53700
2017,38-2749215,Department of Housing and Urban Development,HUD,7,Conventional,1,One-to-four family dwelling (other than manufactured housing),1,Home purchase,1,Owner-occupied as a principal dwelling,1,101,Preapproval was requested,1,Loan originated,1,Louisiana,LA,22,East Baton Rouge Parish,33,Not Hispanic or Latino,2,No co-applicant,5,Black or African American,3,,,,,No co-applicant,8,,,Female,2,No co-applicant,5,21,"Life insurance company, credit union, mortgage bank, or finance company",7,,,,,4894,51.68000030517578,68100
2017,9319,Federal Deposit Insurance Corporation,FDIC,3,Conventional,1,One-to-four family dwelling (other than manufactured housing),1,Refinancing,3,Owner-occupied as a principal dwelling,1,125,Not applicable,3,Loan originated,1,Louisiana,LA,22,Vernon Parish,115,Not Hispanic or Latino,2,Not Hispanic or Latino,2,White,5,,,,,White,5,,,Male,1,Female,2,188,Loan was not originated or was not sold in calendar year covered by register,0,,,,,4829,11.350000381469727,47200
2017,619877,Consumer Financial Protection Bureau,CFPB,9,VA-guaranteed,3,One-to-four family dwelling (other than manufactured housing),1,Home purchase,1,Owner-occupied as a principal dwelling,1,119,Not applicable,3,Loan originated,1,Louisiana,LA,22,Caddo Parish,17,Hispanic or Latino,1,No co-applicant,5,White,5,,,,,No co-applicant,8,,,Female,2,No co-applicant,5,75,Ginnie Mae (GNMA),2,,,,,3412,26.290000915527344,53700
2017,72-1505298,Department of Housing and Urban Development,HUD,7,Conventional,1,One-to-four family dwelling (other than manufactured housing),1,Refinancing,3,Owner-occupied as a principal dwelling,1,246,Not applicable,3,Loan originated,1,Louisiana,LA,22,Avoyelles Parish,9,"Information not provided by applicant in mail, Internet, or telephone application",3,Not Hispanic or Latino,2,"Information not provided by applicant in mail, Internet, or telephone application",6,,,,,White,5,,,"Information not provided by applicant in mail, Internet, or telephone application",3,Female,2,111,"Life insurance company, credit union, mortgage bank, or finance company",7,,,,,2558,8.170000076293945,47200
