as_of_year,respondent_id,agency_name,agency_abbr,agency_code,loan_type_name,loan_type,property_type_name,property_type,loan_purpose_name,loan_purpose,owner_occupancy_name,owner_occupancy,loan_amount_000s,preapproval_name,preapproval,action_taken_name,action_taken,state_name,state_abbr,state_code,county_name,county_code,applicant_ethnicity_name,applicant_ethnicity,co_applicant_ethnicity_name,co_applicant_ethnicity,applicant_race_name_1,applicant_race_1,applicant_race_name_2,applicant_race_2,applicant_race_name_3,applicant_race_3,co_applicant_race_name_1,co_applicant_race_1,co_applicant_race_name_2,co_applicant_race_2,applicant_sex_name,applicant_sex,co_applicant_sex_name,co_applicant_sex,applicant_income_000s,purchaser_type_name,purchaser_type,denial_reason_name_1,denial_reason_1,denial_reason_name_2,denial_reason_2,population,minority_population,hud_median_family_income
2017,22-3554558,Department of Housing and Urban Development,HUD,7,FHA-insured,2,Manufactured housing,2,Refinancing,3,Owner-occupied as a principal dwelling,1,55,Not applicable,3,Application denied by financial institution,3,Louisiana,LA,22,Beauregard Parish,11.0,Not Hispanic or Latino,2,No co-applicant,5,White,5,,,,,No co-applicant,8,,,Male,1,No co-applicant,5,96,Loan was not originated or was not sold in calendar year covered by register,0,Credit history,3.0,,,3437.0,45,47200
2017,7505400005,Department of Housing and Urban Development,HUD,7,FSA/RHS-guaranteed,4,One-to-four family dwelling (other than manufactured housing),1,Home purchase,1,Owner-occupied as a principal dwelling,1,162,Not applicable,3,Loan purchased by the institution,6,Louisiana,LA,22,St. Tammany Parish,103.0,Not applicable,4,Not applicable,4,Not applicable,7,,,,,Not applicable,7,,,Not applicable,4,Not applicable,4,,Ginnie Mae (GNMA),2,,,,,3994.0,32,63300
2017,463735,Consumer Financial Protection Bureau,CFPB,9,FSA/RHS-guaranteed,4,One-to-four family dwelling (other than manufactured housing),1,Home purchase,1,Owner-occupied as a principal dwelling,1,71,Not applicable,3,Loan originated,1,Louisiana,LA,22,Jefferson Parish,51.0,Not Hispanic or Latino,2,No co-applicant,5,White,5,,,,,No co-applicant,8,,,Male,1,No co-applicant,5,29,"Life insurance company, credit union, mortgage bank, or finance company",7,,,,,6588.0,31,63300
2017,5,National Credit Union Administration,NCUA,5,Conventional,1,One-to-four family dwelling (other than manufactured housing),1,Home purchase,1,Owner-occupied as a principal dwelling,1,152,Not applicable,3,Loan originated,1,Louisiana,LA,22,St. Tammany Parish,103.0,Hispanic or Latino,1,Hispanic or Latino,1,"Information not provided by applicant in mail, Internet, or telephone application",6,,,,,"Information not provided by applicant in mail, Internet, or telephone application",6,,,Male,1,Female,2,45,Loan was not originated or was not sold in calendar year covered by register,0,,,,,8023.0,28,63300
2017,62-0997810,Department of Housing and Urban Development,HUD,7,Conventional,1,Manufactured housing,2,Home purchase,1,Owner-occupied as a principal dwelling,1,103,Not applicable,3,Application denied by financial institution,3,Louisiana,LA,22,Rapides Parish,79.0,Not Hispanic or Latino,2,"Information not provided by applicant in mail, Internet, or telephone application",3,White,5,,,,,White,5,,,Male,1,Female,2,49,Loan was not originated or was not sold in calendar year covered by register,0,,,,,2244.0,18,54300
2017,72-1441479,Department of Housing and Urban Development,HUD,7,Conventional,1,One-to-four family dwelling (other than manufactured housing),1,Refinancing,3,Owner-occupied as a principal dwelling,1,152,Not applicable,3,Loan originated,1,Louisiana,LA,22,St. Charles Parish,89.0,Not Hispanic or Latino,2,Not Hispanic or Latino,2,White,5,,,,,White,5,,,Male,1,Female,2,74,Fannie Mae (FNMA),1,,,,,5975.0,34,63300
2017,24382,National Credit Union Administration,NCUA,5,Conventional,1,Manufactured housing,2,Home purchase,1,Owner-occupied as a principal dwelling,1,77,Not applicable,3,Loan originated,1,Louisiana,LA,22,Bossier Parish,15.0,Not Hispanic or Latino,2,No co-applicant,5,White,5,,,,,No co-applicant,8,,,Female,2,No co-applicant,5,51,"Life insurance company, credit union, mortgage bank, or finance company",7,,,,,7872.0,22,53700
2017,38-2799035,Department of Housing and Urban Development,HUD,7,FSA/RHS-guaranteed,4,One-to-four family dwelling (other than manufactured housing),1,Home purchase,1,Owner-occupied as a principal dwelling,1,121,Not applicable,3,Loan purchased by the institution,6,Louisiana,LA,22,Ascension Parish,5.0,Not applicable,4,Not applicable,4,Not applicable,7,,,,,Not applicable,7,,,Not applicable,4,Not applicable,4,,Ginnie Mae (GNMA),2,,,,,4819.0,37,68100
2017,75-2695327,Department of Housing and Urban Development,HUD,7,FHA-insured,2,One-to-four family dwelling (other than manufactured housing),1,Home purchase,1,Owner-occupied as a principal dwelling,1,219,Not applicable,3,Loan originated,1,Louisiana,LA,22,East Baton Rouge Parish,33.0,Not Hispanic or Latino,2,No co-applicant,5,White,5,,,,,No co-applicant,8,,,Male,1,No co-applicant,5,72,"Life insurance company, credit union, mortgage bank, or finance company",7,,,,,4118.0,45,68100
2017,32974,Federal Deposit Insurance Corporation,FDIC,3,FSA/RHS-guaranteed,4,One-to-four family dwelling (other than manufactured housing),1,Home purchase,1,Owner-occupied as a principal dwelling,1,124,Not applicable,3,Application withdrawn by applicant,4,Louisiana,LA,22,Tangipahoa Parish,105.0,Not Hispanic or Latino,2,Not Hispanic or Latino,2,White,5,,,,,White,5,,,Male,1,Female,2,31,Loan was not originated or was not sold in calendar year covered by register,0,,,,,10742.0,12,56600