as_of_year,respondent_id,agency_name,agency_abbr,agency_code,loan_type_name,loan_type,property_type_name,property_type,loan_purpose_name,loan_purpose,owner_occupancy_name,owner_occupancy,loan_amount_000s,preapproval_name,preapproval,action_taken_name,action_taken,state_name,state_abbr,state_code,county_name,county_code,applicant_ethnicity_name,applicant_ethnicity,co_applicant_ethnicity_name,co_applicant_ethnicity,applicant_race_name_1,applicant_race_1,applicant_race_name_2,applicant_race_2,applicant_race_name_3,applicant_race_3,co_applicant_race_name_1,co_applicant_race_1,co_applicant_race_name_2,co_applicant_race_2,applicant_sex_name,applicant_sex,co_applicant_sex_name,co_applicant_sex,applicant_income_000s,purchaser_type_name,purchaser_type,denial_reason_name_1,denial_reason_1,denial_reason_name_2,denial_reason_2,population,minority_population,hud_median_family_income
2017,917742,Consumer Financial Protection Bureau,CFPB,9,Conventional,1,One-to-four family dwelling (other than manufactured housing),1,Home purchase,1,Owner-occupied as a principal dwelling,1,225,Preapproval was not requested,2,Loan originated,1,Wisconsin,WI,55,Outagamie County,87.0,Not Hispanic or Latino,2,Not Hispanic or Latino,2,White,5,,,,,White,5,,,Male,1,Female,2,108,Freddie Mac (FHLMC),3,,,,,9157.0,5,74700
2017,66751,National Credit Union Administration,NCUA,5,Conventional,1,One-to-four family dwelling (other than manufactured housing),1,Home improvement,2,Owner-occupied as a principal dwelling,1,6,Not applicable,3,Loan originated,1,Wisconsin,WI,55,Racine County,101.0,Not Hispanic or Latino,2,Not Hispanic or Latino,2,Black or African American,3,,,,,Black or African American,3,,,Female,2,Male,1,94,Loan was not originated or was not sold in calendar year covered by register,0,,,,,3649.0,84,67300
2017,7197000003,Department of Housing and Urban Development,HUD,7,Conventional,1,One-to-four family dwelling (other than manufactured housing),1,Refinancing,3,Owner-occupied as a principal dwelling,1,120,Not applicable,3,Application denied by financial institution,3,Wisconsin,WI,55,Marquette County,77.0,Not Hispanic or Latino,2,"Information not provided by applicant in mail, Internet, or telephone application",3,White,5,,,,,"Information not provided by applicant in mail, Internet, or telephone application",6,,,Female,2,Male,1,67,Loan was not originated or was not sold in calendar year covered by register,0,Collateral,4.0,,,3783.0,9,62600
2017,67190,National Credit Union Administration,NCUA,5,Conventional,1,One-to-four family dwelling (other than manufactured housing),1,Refinancing,3,Not owner-occupied as a principal dwelling,2,140,Not applicable,3,Loan originated,1,Wisconsin,WI,55,Dane County,25.0,"Information not provided by applicant in mail, Internet, or telephone application",3,No co-applicant,5,"Information not provided by applicant in mail, Internet, or telephone application",6,,,,,No co-applicant,8,,,"Information not provided by applicant in mail, Internet, or telephone application",3,No co-applicant,5,119,Fannie Mae (FNMA),1,,,,,2958.0,7,81300
2017,852218,Consumer Financial Protection Bureau,CFPB,9,FHA-insured,2,One-to-four family dwelling (other than manufactured housing),1,Home purchase,1,Owner-occupied as a principal dwelling,1,95,Not applicable,3,Application withdrawn by applicant,4,Wisconsin,WI,55,Racine County,101.0,Not Hispanic or Latino,2,No co-applicant,5,White,5,,,,,No co-applicant,8,,,Female,2,No co-applicant,5,29,Loan was not originated or was not sold in calendar year covered by register,0,,,,,2473.0,25,67300
2017,67190,National Credit Union Administration,NCUA,5,Conventional,1,One-to-four family dwelling (other than manufactured housing),1,Refinancing,3,Owner-occupied as a principal dwelling,1,231,Not applicable,3,Loan originated,1,Wisconsin,WI,55,Sauk County,111.0,Not Hispanic or Latino,2,Not Hispanic or Latino,2,White,5,,,,,White,5,,,Male,1,Female,2,82,Fannie Mae (FNMA),1,,,,,6633.0,17,62600
2017,146672,Consumer Financial Protection Bureau,CFPB,9,FSA/RHS-guaranteed,4,One-to-four family dwelling (other than manufactured housing),1,Home purchase,1,Owner-occupied as a principal dwelling,1,68,Not applicable,3,Loan originated,1,Wisconsin,WI,55,Shawano County,115.0,Not Hispanic or Latino,2,No co-applicant,5,White,5,,,,,No co-applicant,8,,,Male,1,No co-applicant,5,39,Ginnie Mae (GNMA),2,,,,,4655.0,18,62600
2017,451965,Consumer Financial Protection Bureau,CFPB,9,Conventional,1,One-to-four family dwelling (other than manufactured housing),1,Home purchase,1,Owner-occupied as a principal dwelling,1,280,Not applicable,3,Loan purchased by the institution,6,Wisconsin,WI,55,Milwaukee County,79.0,Not Hispanic or Latino,2,Not Hispanic or Latino,2,White,5,,,,,White,5,,,Male,1,Female,2,116,Freddie Mac (FHLMC),3,,,,,3841.0,12,72400
2017,451965,Consumer Financial Protection Bureau,CFPB,9,Conventional,1,One-to-four family dwelling (other than manufactured housing),1,Refinancing,3,Owner-occupied as a principal dwelling,1,176,Not applicable,3,Application denied by financial institution,3,Wisconsin,WI,55,Columbia County,21.0,Not Hispanic or Latino,2,No co-applicant,5,White,5,,,,,No co-applicant,8,,,Male,1,No co-applicant,5,32,Loan was not originated or was not sold in calendar year covered by register,0,Debt-to-income ratio,1.0,,,5187.0,6,81300
2017,917742,Consumer Financial Protection Bureau,CFPB,9,Conventional,1,One-to-four family dwelling (other than manufactured housing),1,Home purchase,1,Not owner-occupied as a principal dwelling,2,54,Preapproval was not requested,2,Loan originated,1,Wisconsin,WI,55,Rock County,105.0,Not Hispanic or Latino,2,Not Hispanic or Latino,2,White,5,,,,,White,5,,,Male,1,Female,2,193,Fannie Mae (FNMA),1,,,,,3603.0,24,63200