as_of_year,respondent_id,agency_name,agency_abbr,agency_code,loan_type_name,loan_type,property_type_name,property_type,loan_purpose_name,loan_purpose,owner_occupancy_name,owner_occupancy,loan_amount_000s,preapproval_name,preapproval,action_taken_name,action_taken,state_name,state_abbr,state_code,county_name,county_code,applicant_ethnicity_name,applicant_ethnicity,co_applicant_ethnicity_name,co_applicant_ethnicity,applicant_race_name_1,applicant_race_1,applicant_race_name_2,applicant_race_2,applicant_race_name_3,applicant_race_3,co_applicant_race_name_1,co_applicant_race_1,co_applicant_race_name_2,co_applicant_race_2,applicant_sex_name,applicant_sex,co_applicant_sex_name,co_applicant_sex,applicant_income_000s,purchaser_type_name,purchaser_type,denial_reason_name_1,denial_reason_1,denial_reason_name_2,denial_reason_2,population,minority_population,hud_median_family_income
2017,146672,Consumer Financial Protection Bureau,CFPB,9,Conventional,1,One-to-four family dwelling (other than manufactured housing),1,Home purchase,1,Owner-occupied as a principal dwelling,1,100,Not applicable,3,Application denied by financial institution,3,Wisconsin,WI,55,Chippewa County,17,"Information not provided by applicant in mail, Internet, or telephone application",3,No co-applicant,5,"Information not provided by applicant in mail, Internet, or telephone application",6,,,,,No co-applicant,8,,,"Information not provided by applicant in mail, Internet, or telephone application",3,No co-applicant,5,17,Loan was not originated or was not sold in calendar year covered by register,0,Debt-to-income ratio,1,Credit history,3,6077,4.440000057220459,67400
2017,66752,National Credit Union Administration,NCUA,5,Conventional,1,One-to-four family dwelling (other than manufactured housing),1,Home purchase,1,Owner-occupied as a principal dwelling,1,114,Not applicable,3,Application denied by financial institution,3,Wisconsin,WI,55,La Crosse County,63,Not Hispanic or Latino,2,No co-applicant,5,White,5,,,,,No co-applicant,8,,,Female,2,No co-applicant,5,29,Loan was not originated or was not sold in calendar year covered by register,0,Debt-to-income ratio,1,,,5433,2.0199999809265137,72000
2017,7197000003,Department of Housing and Urban Development,HUD,7,Conventional,1,One-to-four family dwelling (other than manufactured housing),1,Refinancing,3,Owner-occupied as a principal dwelling,1,89,Not applicable,3,Application denied by financial institution,3,Wisconsin,WI,55,Eau Claire County,35,Not Hispanic or Latino,2,"Information not provided by applicant in mail, Internet, or telephone application",3,White,5,,,,,"Information not provided by applicant in mail, Internet, or telephone application",6,,,Male,1,"Information not provided by applicant in mail, Internet, or telephone application",3,96,Loan was not originated or was not sold in calendar year covered by register,0,Credit application incomplete,7,,,5190,14.050000190734863,67400
2017,58243,Federal Reserve System,FRS,2,Conventional,1,One-to-four family dwelling (other than manufactured housing),1,Refinancing,3,Not owner-occupied as a principal dwelling,2,94,Not applicable,3,Loan originated,1,Wisconsin,WI,55,Kenosha County,59,Not Hispanic or Latino,2,No co-applicant,5,White,5,,,,,No co-applicant,8,,,Female,2,No co-applicant,5,31,Loan was not originated or was not sold in calendar year covered by register,0,,,,,3779,15.369999885559082,91600
2017,66865,National Credit Union Administration,NCUA,5,Conventional,1,One-to-four family dwelling (other than manufactured housing),1,Home purchase,1,Owner-occupied as a principal dwelling,1,17,Not applicable,3,Loan originated,1,Wisconsin,WI,55,Calumet County,15,Not Hispanic or Latino,2,"Information not provided by applicant in mail, Internet, or telephone application",3,White,5,,,,,White,5,,,Male,1,Female,2,94,Loan was not originated or was not sold in calendar year covered by register,0,,,,,3834,2.369999885559082,74700
2017,33-0975529,Department of Housing and Urban Development,HUD,7,FHA-insured,2,One-to-four family dwelling (other than manufactured housing),1,Home purchase,1,Owner-occupied as a principal dwelling,1,82,Preapproval was not requested,2,Loan originated,1,Wisconsin,WI,55,Shawano County,115,Not Hispanic or Latino,2,Not Hispanic or Latino,2,White,5,,,,,White,5,,,Female,2,Male,1,74,"Life insurance company, credit union, mortgage bank, or finance company",7,,,,,3524,10.529999732971191,62600
2017,75633,Consumer Financial Protection Bureau,CFPB,9,Conventional,1,One-to-four family dwelling (other than manufactured housing),1,Home purchase,1,Owner-occupied as a principal dwelling,1,99,Preapproval was not requested,2,Application denied by financial institution,3,Wisconsin,WI,55,Chippewa County,17,Not Hispanic or Latino,2,No co-applicant,5,Asian,2,,,,,No co-applicant,8,,,Female,2,No co-applicant,5,86,Loan was not originated or was not sold in calendar year covered by register,0,"Insufficient cash (downpayment, closing costs)",5,Other,9,6077,4.440000057220459,67400


