as_of_year,respondent_id,agency_name,agency_abbr,agency_code,loan_type_name,loan_type,property_type_name,property_type,loan_purpose_name,loan_purpose,owner_occupancy_name,owner_occupancy,loan_amount_000s,preapproval_name,preapproval,action_taken_name,action_taken,state_name,state_abbr,state_code,county_name,county_code,applicant_ethnicity_name,applicant_ethnicity,co_applicant_ethnicity_name,co_applicant_ethnicity,applicant_race_name_1,applicant_race_1,applicant_race_name_2,applicant_race_2,applicant_race_name_3,applicant_race_3,co_applicant_race_name_1,co_applicant_race_1,co_applicant_race_name_2,co_applicant_race_2,applicant_sex_name,applicant_sex,co_applicant_sex_name,co_applicant_sex,applicant_income_000s,purchaser_type_name,purchaser_type,denial_reason_name_1,denial_reason_1,denial_reason_name_2,denial_reason_2,population,minority_population,hud_median_family_income
2017,33-0975529,Department of Housing and Urban Development,HUD,7,VA-guaranteed,3,One-to-four family dwelling (other than manufactured housing),1,Refinancing,3,Owner-occupied as a principal dwelling,1,165,Not applicable,3,Loan originated,1,Wisconsin,WI,55,Outagamie County,87.0,Not Hispanic or Latino,2,Not Hispanic or Latino,2,White,5,,,,,White,5,,,Male,1,Female,2,57,"Life insurance company, credit union, mortgage bank, or finance company",7,,,,,5765.0,24,74700
2017,917742,Consumer Financial Protection Bureau,CFPB,9,Conventional,1,One-to-four family dwelling (other than manufactured housing),1,Home purchase,1,Owner-occupied as a principal dwelling,1,125,Preapproval was not requested,2,Loan originated,1,Wisconsin,WI,55,Walworth County,127.0,Not Hispanic or Latino,2,No co-applicant,5,White,5,,,,,No co-applicant,8,,,Male,1,No co-applicant,5,36,Loan was not originated or was not sold in calendar year covered by register,0,,,,,5943.0,13,62600
2017,22-3039688,Department of Housing and Urban Development,HUD,7,FHA-insured,2,One-to-four family dwelling (other than manufactured housing),1,Home purchase,1,Owner-occupied as a principal dwelling,1,116,Not applicable,3,Loan purchased by the institution,6,Wisconsin,WI,55,Polk County,95.0,Not applicable,4,Not applicable,4,Not applicable,7,,,,,Not applicable,7,,,Not applicable,4,Not applicable,4,,Ginnie Mae (GNMA),2,,,,,5838.0,5,62600
2017,26-4599244,Department of Housing and Urban Development,HUD,7,VA-guaranteed,3,One-to-four family dwelling (other than manufactured housing),1,Refinancing,3,Owner-occupied as a principal dwelling,1,97,Not applicable,3,Application withdrawn by applicant,4,Wisconsin,WI,55,Milwaukee County,79.0,Not Hispanic or Latino,2,No co-applicant,5,White,5,,,,,No co-applicant,8,,,Male,1,No co-applicant,5,19,Loan was not originated or was not sold in calendar year covered by register,0,,,,,2949.0,81,72400
2017,7197000003,Department of Housing and Urban Development,HUD,7,Conventional,1,One-to-four family dwelling (other than manufactured housing),1,Refinancing,3,Owner-occupied as a principal dwelling,1,195,Not applicable,3,Loan originated,1,Wisconsin,WI,55,Milwaukee County,79.0,"Information not provided by applicant in mail, Internet, or telephone application",3,No co-applicant,5,"Information not provided by applicant in mail, Internet, or telephone application",6,,,,,No co-applicant,8,,,"Information not provided by applicant in mail, Internet, or telephone application",3,No co-applicant,5,59,Fannie Mae (FNMA),1,,,,,3580.0,21,72400
2017,451965,Consumer Financial Protection Bureau,CFPB,9,Conventional,1,One-to-four family dwelling (other than manufactured housing),1,Refinancing,3,Owner-occupied as a principal dwelling,1,184,Not applicable,3,Loan originated,1,Wisconsin,WI,55,Washington County,131.0,Not Hispanic or Latino,2,Not Hispanic or Latino,2,White,5,,,,,White,5,,,Male,1,Female,2,123,Freddie Mac (FHLMC),3,,,,,6087.0,7,72400
2017,67173,National Credit Union Administration,NCUA,5,Conventional,1,One-to-four family dwelling (other than manufactured housing),1,Home purchase,1,Owner-occupied as a principal dwelling,1,55,Preapproval was not requested,2,Application denied by financial institution,3,Wisconsin,WI,55,Douglas County,31.0,Not Hispanic or Latino,2,Not Hispanic or Latino,2,White,5,,,,,White,5,,,Male,1,Female,2,41,Loan was not originated or was not sold in calendar year covered by register,0,Credit history,3.0,,,5132.0,6,67200
2017,36-4115595,Department of Housing and Urban Development,HUD,7,Conventional,1,One-to-four family dwelling (other than manufactured housing),1,Home purchase,1,Owner-occupied as a principal dwelling,1,414,Preapproval was not requested,2,Loan originated,1,Wisconsin,WI,55,Ozaukee County,89.0,Not Hispanic or Latino,2,Not Hispanic or Latino,2,White,5,,,,,White,5,,,Male,1,Female,2,297,"Commercial bank, savings bank or savings association",6,,,,,3273.0,7,72400
2017,13-3222578,Consumer Financial Protection Bureau,CFPB,9,Conventional,1,One-to-four family dwelling (other than manufactured housing),1,Refinancing,3,Owner-occupied as a principal dwelling,1,45,Not applicable,3,Loan purchased by the institution,6,Wisconsin,WI,55,Milwaukee County,79.0,Not applicable,4,Not applicable,4,Not applicable,7,,,,,Not applicable,7,,,Not applicable,4,Not applicable,4,,"Life insurance company, credit union, mortgage bank, or finance company",7,,,,,3223.0,26,72400
2017,66449,National Credit Union Administration,NCUA,5,Conventional,1,One-to-four family dwelling (other than manufactured housing),1,Refinancing,3,Not owner-occupied as a principal dwelling,2,20,Not applicable,3,Loan originated,1,Wisconsin,WI,55,Milwaukee County,79.0,Not Hispanic or Latino,2,No co-applicant,5,Black or African American,3,,,,,No co-applicant,8,,,Female,2,No co-applicant,5,41,"Life insurance company, credit union, mortgage bank, or finance company",7,,,,,4149.0,85,72400
2017,7197000003,Department of Housing and Urban Development,HUD,7,Conventional,1,One-to-four family dwelling (other than manufactured housing),1,Refinancing,3,Owner-occupied as a principal dwelling,1,225,Not applicable,3,Loan originated,1,Wisconsin,WI,55,Pepin County,91.0,Not Hispanic or Latino,2,"Information not provided by applicant in mail, Internet, or telephone application",3,White,5,,,,,"Information not provided by applicant in mail, Internet, or telephone application",6,,,Male,1,"Information not provided by applicant in mail, Internet, or telephone application",3,86,Loan was not originated or was not sold in calendar year covered by register,0,,,,,3349.0,2,62600
2017,66423,National Credit Union Administration,NCUA,5,Conventional,1,One-to-four family dwelling (other than manufactured housing),1,Refinancing,3,Owner-occupied as a principal dwelling,1,22,Not applicable,3,Loan originated,1,Wisconsin,WI,55,Vernon County,123.0,Not Hispanic or Latino,2,No co-applicant,5,White,5,,,,,No co-applicant,8,,,Male,1,No co-applicant,5,36,Loan was not originated or was not sold in calendar year covered by register,0,,,,,3432.0,3,62600
2017,67248,National Credit Union Administration,NCUA,5,Conventional,1,One-to-four family dwelling (other than manufactured housing),1,Refinancing,3,Owner-occupied as a principal dwelling,1,175,Not applicable,3,Loan originated,1,Wisconsin,WI,55,Sheboygan County,117.0,Not Hispanic or Latino,2,Not Hispanic or Latino,2,White,5,,,,,White,5,,,Male,1,Female,2,70,Loan was not originated or was not sold in calendar year covered by register,0,,,,,8568.0,5,69000
2017,917742,Consumer Financial Protection Bureau,CFPB,9,Conventional,1,One-to-four family dwelling (other than manufactured housing),1,Home purchase,1,Owner-occupied as a principal dwelling,1,145,Preapproval was not requested,2,Application denied by financial institution,3,Wisconsin,WI,55,Milwaukee County,79.0,Hispanic or Latino,1,No co-applicant,5,White,5,,,,,No co-applicant,8,,,Male,1,No co-applicant,5,37,Loan was not originated or was not sold in calendar year covered by register,0,Other,9.0,,,3863.0,28,72400
2017,504713,Consumer Financial Protection Bureau,CFPB,9,Conventional,1,One-to-four family dwelling (other than manufactured housing),1,Home purchase,1,Owner-occupied as a principal dwelling,1,200,Not applicable,3,Loan originated,1,Wisconsin,WI,55,Portage County,97.0,Not Hispanic or Latino,2,Not Hispanic or Latino,2,White,5,,,,,White,5,,,Female,2,Male,1,95,Loan was not originated or was not sold in calendar year covered by register,0,,,,,5413.0,18,62600
2017,694904,Consumer Financial Protection Bureau,CFPB,9,Conventional,1,One-to-four family dwelling (other than manufactured housing),1,Home purchase,1,Not owner-occupied as a principal dwelling,2,414,Not applicable,3,Loan originated,1,Wisconsin,WI,55,Waukesha County,133.0,Hispanic or Latino,1,No co-applicant,5,White,5,,,,,No co-applicant,8,,,Male,1,No co-applicant,5,300,Freddie Mac (FHLMC),3,,,,,6171.0,4,72400
2017,66834,National Credit Union Administration,NCUA,5,Conventional,1,One-to-four family dwelling (other than manufactured housing),1,Home purchase,1,Owner-occupied as a principal dwelling,1,191,Preapproval was requested,1,Loan originated,1,Wisconsin,WI,55,Eau Claire County,35.0,"Information not provided by applicant in mail, Internet, or telephone application",3,No co-applicant,5,"Information not provided by applicant in mail, Internet, or telephone application",6,,,,,No co-applicant,8,,,"Information not provided by applicant in mail, Internet, or telephone application",3,No co-applicant,5,68,Fannie Mae (FNMA),1,,,,,4534.0,5,67400
2017,66834,National Credit Union Administration,NCUA,5,Conventional,1,One-to-four family dwelling (other than manufactured housing),1,Refinancing,3,Owner-occupied as a principal dwelling,1,82,Not applicable,3,Application denied by financial institution,3,Wisconsin,WI,55,Polk County,95.0,Not Hispanic or Latino,2,Not Hispanic or Latino,2,White,5,,,,,White,5,,,Male,1,Female,2,40,Loan was not originated or was not sold in calendar year covered by register,0,Other,9.0,,,3628.0,4,62600
2017,11601,Federal Deposit Insurance Corporation,FDIC,3,Conventional,1,One-to-four family dwelling (other than manufactured housing),1,Home improvement,2,Not owner-occupied as a principal dwelling,2,39,Not applicable,3,Loan originated,1,Wisconsin,WI,55,Forest County,41.0,Not Hispanic or Latino,2,Not Hispanic or Latino,2,White,5,,,,,White,5,,,Male,1,Female,2,142,Loan was not originated or was not sold in calendar year covered by register,0,,,,,2561.0,14,62600
2017,75633,Consumer Financial Protection Bureau,CFPB,9,Conventional,1,One-to-four family dwelling (other than manufactured housing),1,Home purchase,1,Owner-occupied as a principal dwelling,1,149,Preapproval was not requested,2,Loan originated,1,Wisconsin,WI,55,Vernon County,123.0,Not Hispanic or Latino,2,Not Hispanic or Latino,2,White,5,,,,,White,5,,,Male,1,Female,2,79,Loan was not originated or was not sold in calendar year covered by register,0,,,,,4379.0,2,62600
