as_of_year,respondent_id,agency_name,agency_abbr,agency_code,loan_type_name,loan_type,property_type_name,property_type,loan_purpose_name,loan_purpose,owner_occupancy_name,owner_occupancy,loan_amount_000s,preapproval_name,preapproval,action_taken_name,action_taken,state_name,state_abbr,state_code,county_name,county_code,applicant_ethnicity_name,applicant_ethnicity,co_applicant_ethnicity_name,co_applicant_ethnicity,applicant_race_name_1,applicant_race_1,applicant_race_name_2,applicant_race_2,applicant_race_name_3,applicant_race_3,co_applicant_race_name_1,co_applicant_race_1,co_applicant_race_name_2,co_applicant_race_2,applicant_sex_name,applicant_sex,co_applicant_sex_name,co_applicant_sex,applicant_income_000s,purchaser_type_name,purchaser_type,denial_reason_name_1,denial_reason_1,denial_reason_name_2,denial_reason_2,population,minority_population,hud_median_family_income
2017,9037,Federal Deposit Insurance Corporation,FDIC,3,Conventional,1,One-to-four family dwelling (other than manufactured housing),1,Refinancing,3,Owner-occupied as a principal dwelling,1,53,Not applicable,3,Loan originated,1,Wisconsin,WI,55,Iowa County,49.0,Not Hispanic or Latino,2,No co-applicant,5,White,5,,,,,No co-applicant,8,,,Male,1,No co-applicant,5,29,Other type of purchaser,9,,,,,3041.0,4,81300
2017,39-1767726,Department of Housing and Urban Development,HUD,7,Conventional,1,One-to-four family dwelling (other than manufactured housing),1,Home purchase,1,Owner-occupied as a principal dwelling,1,4,Not applicable,3,Loan originated,1,Wisconsin,WI,55,Rock County,105.0,Not Hispanic or Latino,2,No co-applicant,5,White,5,,,,,No co-applicant,8,,,Male,1,No co-applicant,5,44,Loan was not originated or was not sold in calendar year covered by register,0,,,,,3279.0,12,63200
2017,68840,Federal Reserve System,FRS,2,Conventional,1,One-to-four family dwelling (other than manufactured housing),1,Home purchase,1,Not owner-occupied as a principal dwelling,2,145,Not applicable,3,Loan originated,1,Wisconsin,WI,55,Vilas County,125.0,Not applicable,4,Not Hispanic or Latino,2,Not applicable,7,,,,,White,5,,,Not applicable,4,Male,1,97,Freddie Mac (FHLMC),3,,,,,3793.0,1,62600
2017,9529,Federal Deposit Insurance Corporation,FDIC,3,Conventional,1,One-to-four family dwelling (other than manufactured housing),1,Home purchase,1,Not owner-occupied as a principal dwelling,2,166,Not applicable,3,Loan originated,1,Wisconsin,WI,55,Washington County,131.0,Not Hispanic or Latino,2,No co-applicant,5,White,5,,,,,No co-applicant,8,,,Male,1,No co-applicant,5,,Loan was not originated or was not sold in calendar year covered by register,0,,,,,3537.0,7,72400
2017,75633,Consumer Financial Protection Bureau,CFPB,9,Conventional,1,One-to-four family dwelling (other than manufactured housing),1,Home purchase,1,Owner-occupied as a principal dwelling,1,152,Preapproval was not requested,2,Loan originated,1,Wisconsin,WI,55,Ozaukee County,89.0,Not Hispanic or Latino,2,Not Hispanic or Latino,2,White,5,,,,,White,5,,,Male,1,Female,2,52,Freddie Mac (FHLMC),3,,,,,8099.0,10,72400
2017,75-2921540,Department of Housing and Urban Development,HUD,7,Conventional,1,One-to-four family dwelling (other than manufactured housing),1,Refinancing,3,Not owner-occupied as a principal dwelling,2,139,Not applicable,3,File closed for incompleteness,5,Wisconsin,WI,55,Pierce County,93.0,Not Hispanic or Latino,2,Not Hispanic or Latino,2,White,5,,,,,White,5,,,Male,1,Female,2,,Loan was not originated or was not sold in calendar year covered by register,0,,,,,3642.0,6,89800
2017,408642,Federal Reserve System,FRS,2,Conventional,1,One-to-four family dwelling (other than manufactured housing),1,Home purchase,1,Owner-occupied as a principal dwelling,1,152,Not applicable,3,Application denied by financial institution,3,Wisconsin,WI,55,Iron County,51.0,"Information not provided by applicant in mail, Internet, or telephone application",3,"Information not provided by applicant in mail, Internet, or telephone application",3,"Information not provided by applicant in mail, Internet, or telephone application",6,,,,,"Information not provided by applicant in mail, Internet, or telephone application",6,,,"Information not provided by applicant in mail, Internet, or telephone application",3,"Information not provided by applicant in mail, Internet, or telephone application",3,106,Loan was not originated or was not sold in calendar year covered by register,0,Collateral,4.0,,,1466.0,2,62600
2017,66983,National Credit Union Administration,NCUA,5,Conventional,1,One-to-four family dwelling (other than manufactured housing),1,Home purchase,1,Owner-occupied as a principal dwelling,1,383,Preapproval was requested,1,Loan originated,1,Wisconsin,WI,55,Waukesha County,133.0,Not Hispanic or Latino,2,Not Hispanic or Latino,2,White,5,,,,,White,5,,,Male,1,Female,2,181,Loan was not originated or was not sold in calendar year covered by register,0,,,,,5078.0,14,72400
2017,75633,Consumer Financial Protection Bureau,CFPB,9,Conventional,1,One-to-four family dwelling (other than manufactured housing),1,Refinancing,3,Owner-occupied as a principal dwelling,1,74,Not applicable,3,Loan originated,1,Wisconsin,WI,55,Sheboygan County,117.0,Not Hispanic or Latino,2,No co-applicant,5,White,5,,,,,No co-applicant,8,,,Female,2,No co-applicant,5,26,Freddie Mac (FHLMC),3,,,,,6813.0,21,69000
2017,27-4023565,Department of Housing and Urban Development,HUD,7,VA-guaranteed,3,One-to-four family dwelling (other than manufactured housing),1,Refinancing,3,Owner-occupied as a principal dwelling,1,151,Not applicable,3,Application withdrawn by applicant,4,Wisconsin,WI,55,Dane County,25.0,"Information not provided by applicant in mail, Internet, or telephone application",3,"Information not provided by applicant in mail, Internet, or telephone application",3,"Information not provided by applicant in mail, Internet, or telephone application",6,,,,,"Information not provided by applicant in mail, Internet, or telephone application",6,,,"Information not provided by applicant in mail, Internet, or telephone application",3,"Information not provided by applicant in mail, Internet, or telephone application",3,,Loan was not originated or was not sold in calendar year covered by register,0,,,,,9218.0,17,81300